TrueClass,PredictedClass,Discriminants
Kecimen,Besni,"{'Besni': -1.66667415789564, 'Kecimen': -2.4492722213287603}"
Kecimen,Besni,"{'Besni': -1.0096324939538455, 'Kecimen': -1.204560771718251}"
Kecimen,Besni,"{'Besni': -1.6019029897774286, 'Kecimen': -2.83883597831393}"
Kecimen,Kecimen,"{'Besni': -4.907145908457189, 'Kecimen': -1.0494238597929337}"
Kecimen,Kecimen,"{'Besni': -6.8008461003160985, 'Kecimen': -4.777829390677447}"
Kecimen,Kecimen,"{'Besni': -4.252628926148764, 'Kecimen': -1.1828319703043142}"
Kecimen,Kecimen,"{'Besni': -5.92382177646662, 'Kecimen': -2.4068947550724413}"
Kecimen,Kecimen,"{'Besni': -3.642644693335308, 'Kecimen': -0.5968585119176012}"
Kecimen,Kecimen,"{'Besni': -5.394961635200285, 'Kecimen': -2.2003394957590374}"
Kecimen,Kecimen,"{'Besni': -3.467670488425302, 'Kecimen': -1.5344190290933728}"
Kecimen,Besni,"{'Besni': -0.7100977985826432, 'Kecimen': -1.6812265395576045}"
Kecimen,Kecimen,"{'Besni': -5.414456814604577, 'Kecimen': -1.5123074219555417}"
Kecimen,Kecimen,"{'Besni': -6.689314018842586, 'Kecimen': -1.8451833557819302}"
Kecimen,Kecimen,"{'Besni': -9.351210641408667, 'Kecimen': -6.443577316805711}"
Kecimen,Kecimen,"{'Besni': -1.2377487508649114, 'Kecimen': -0.8336553259364212}"
Kecimen,Kecimen,"{'Besni': -9.66360904600976, 'Kecimen': -4.751829405384972}"
Kecimen,Kecimen,"{'Besni': -3.175845155291867, 'Kecimen': -2.5777867164644324}"
Kecimen,Kecimen,"{'Besni': -2.592064911135312, 'Kecimen': -0.45322499006281064}"
Kecimen,Kecimen,"{'Besni': -5.8889360353605085, 'Kecimen': -1.8983460266999255}"
Kecimen,Kecimen,"{'Besni': -2.1231770797660063, 'Kecimen': -1.7851889616663743}"
Kecimen,Kecimen,"{'Besni': -2.1581024438526537, 'Kecimen': -0.8351270275816575}"
Kecimen,Kecimen,"{'Besni': -2.9978647756476127, 'Kecimen': -0.16069831338841856}"
Kecimen,Kecimen,"{'Besni': -2.381436231473401, 'Kecimen': -1.6469575301011807}"
Kecimen,Kecimen,"{'Besni': -19.765603832806885, 'Kecimen': -15.465745527953493}"
Kecimen,Besni,"{'Besni': -2.3293460379538677, 'Kecimen': -2.55947949492157}"
Kecimen,Kecimen,"{'Besni': -1.9805920211039927, 'Kecimen': -0.7227723983468468}"
Kecimen,Kecimen,"{'Besni': -6.216341500600683, 'Kecimen': -3.4204473186715374}"
Kecimen,Kecimen,"{'Besni': -2.22673988367218, 'Kecimen': -0.17554746975655794}"
Kecimen,Kecimen,"{'Besni': -8.585051684686944, 'Kecimen': -6.081920650195788}"
Kecimen,Kecimen,"{'Besni': -3.1119042172075035, 'Kecimen': -1.050004578827004}"
Kecimen,Besni,"{'Besni': -1.4466853005005627, 'Kecimen': -1.8367099309028854}"
Kecimen,Kecimen,"{'Besni': -5.940493457633472, 'Kecimen': -2.4073658422549395}"
Kecimen,Kecimen,"{'Besni': -2.173086703044018, 'Kecimen': -1.2814347759004159}"
Kecimen,Kecimen,"{'Besni': -2.457399988277121, 'Kecimen': -0.5506625607035229}"
Kecimen,Kecimen,"{'Besni': -30.28218041597047, 'Kecimen': -24.390836418615496}"
Kecimen,Kecimen,"{'Besni': -14.83463818685835, 'Kecimen': -8.581053666318251}"
Kecimen,Kecimen,"{'Besni': -4.46363786788923, 'Kecimen': -1.4286702300743093}"
Kecimen,Kecimen,"{'Besni': -3.6825786504858136, 'Kecimen': -2.6132474508488768}"
Kecimen,Besni,"{'Besni': -1.0124388727931948, 'Kecimen': -1.0359683110100493}"
Kecimen,Kecimen,"{'Besni': -6.527503014286834, 'Kecimen': -2.0240041806216658}"
Kecimen,Besni,"{'Besni': -3.55986430327136, 'Kecimen': -3.6711763617647932}"
Kecimen,Kecimen,"{'Besni': -1.8495759682959116, 'Kecimen': -0.50686529147283}"
Kecimen,Kecimen,"{'Besni': -1.9236949110145272, 'Kecimen': -1.5329354996383175}"
Kecimen,Kecimen,"{'Besni': -9.787305134069287, 'Kecimen': -8.050060437754095}"
Kecimen,Besni,"{'Besni': -1.3954230534992398, 'Kecimen': -2.2448168073140193}"
Kecimen,Kecimen,"{'Besni': -3.7658127603340983, 'Kecimen': -2.490758582990862}"
Kecimen,Kecimen,"{'Besni': -1.885720207560234, 'Kecimen': -0.5332634806653513}"
Kecimen,Kecimen,"{'Besni': -12.063806019479202, 'Kecimen': -6.652966706480826}"
Kecimen,Kecimen,"{'Besni': -4.823086861266948, 'Kecimen': -1.9323875970373636}"
Kecimen,Kecimen,"{'Besni': -3.4896235784354235, 'Kecimen': -0.6198868232856848}"
Kecimen,Kecimen,"{'Besni': -5.220494957352489, 'Kecimen': -1.9808719812229965}"
Kecimen,Besni,"{'Besni': -0.590913123411567, 'Kecimen': -2.5967772988544517}"
Kecimen,Kecimen,"{'Besni': -3.2861926953687792, 'Kecimen': -2.7423628892424246}"
Kecimen,Kecimen,"{'Besni': -5.156572959199137, 'Kecimen': -2.8972090979404905}"
Kecimen,Besni,"{'Besni': -1.1018530275178255, 'Kecimen': -2.9804247023844903}"
Kecimen,Kecimen,"{'Besni': -4.2802390115932205, 'Kecimen': -0.8979395615161723}"
Kecimen,Kecimen,"{'Besni': -4.201255344272414, 'Kecimen': -1.4151247704879326}"
Kecimen,Kecimen,"{'Besni': -2.7780351669114554, 'Kecimen': -0.718468854427282}"
Kecimen,Kecimen,"{'Besni': -7.355992605190862, 'Kecimen': -5.035544255985315}"
Kecimen,Kecimen,"{'Besni': -17.81793474461739, 'Kecimen': -10.716001859520784}"
Kecimen,Kecimen,"{'Besni': -2.362823969202732, 'Kecimen': -0.38292623948033405}"
Kecimen,Kecimen,"{'Besni': -4.225814040904232, 'Kecimen': -0.7904817299250425}"
Kecimen,Besni,"{'Besni': -1.084484682916826, 'Kecimen': -2.1028519187624832}"
Kecimen,Kecimen,"{'Besni': -2.9074150100728233, 'Kecimen': -1.138981782586421}"
Kecimen,Kecimen,"{'Besni': -1.9519813233204757, 'Kecimen': -0.8935590523360034}"
Kecimen,Kecimen,"{'Besni': -2.0656441468845825, 'Kecimen': -0.6491624490173964}"
Kecimen,Kecimen,"{'Besni': -3.121140160322877, 'Kecimen': -0.5850631946948166}"
Kecimen,Besni,"{'Besni': -1.3653250283649485, 'Kecimen': -2.269717949780075}"
Kecimen,Kecimen,"{'Besni': -3.5773371565834715, 'Kecimen': -1.0856355842909848}"
Kecimen,Kecimen,"{'Besni': -1.2634278123119536, 'Kecimen': -0.8510787755171314}"
Kecimen,Besni,"{'Besni': -1.22727490880571, 'Kecimen': -2.8106279636134786}"
Kecimen,Kecimen,"{'Besni': -2.496816003376141, 'Kecimen': -2.458328445547699}"
Kecimen,Kecimen,"{'Besni': -1.7613653152324629, 'Kecimen': -1.5171214916269626}"
Kecimen,Kecimen,"{'Besni': -1.4340879277924738, 'Kecimen': -0.8278765432668115}"
Kecimen,Kecimen,"{'Besni': -3.587170773586634, 'Kecimen': -0.33541499766724364}"
Kecimen,Kecimen,"{'Besni': -3.623881605389218, 'Kecimen': -0.3793372917967851}"
Kecimen,Kecimen,"{'Besni': -1.4758030830298743, 'Kecimen': -1.1555419098395707}"
Kecimen,Kecimen,"{'Besni': -5.407411483609309, 'Kecimen': -1.3651262372323585}"
Kecimen,Kecimen,"{'Besni': -2.673817813205061, 'Kecimen': -2.444696918812861}"
Kecimen,Kecimen,"{'Besni': -5.609991235365205, 'Kecimen': -2.3559768090866715}"
Kecimen,Kecimen,"{'Besni': -3.2249697993872513, 'Kecimen': -0.4952627610513256}"
Kecimen,Kecimen,"{'Besni': -2.77172194922609, 'Kecimen': -0.7887488212850857}"
Kecimen,Kecimen,"{'Besni': -2.688915373532449, 'Kecimen': -1.0616477018764308}"
Kecimen,Kecimen,"{'Besni': -7.243050148412285, 'Kecimen': -6.061688454819121}"
Kecimen,Kecimen,"{'Besni': -1.007547955519375, 'Kecimen': -0.7666617273660227}"
Kecimen,Besni,"{'Besni': -45.29802283756411, 'Kecimen': -50.49479959907087}"
Kecimen,Kecimen,"{'Besni': -3.0452220282179088, 'Kecimen': -1.8556242663047822}"
Kecimen,Kecimen,"{'Besni': -8.090163004711286, 'Kecimen': -2.7130883882489476}"
Kecimen,Kecimen,"{'Besni': -8.697122962632736, 'Kecimen': -3.4669281783122123}"
Kecimen,Kecimen,"{'Besni': -4.067134652520149, 'Kecimen': -0.4971140724934302}"
Kecimen,Kecimen,"{'Besni': -3.9893764940382503, 'Kecimen': -0.5714481354322065}"
Kecimen,Kecimen,"{'Besni': -2.93530704579981, 'Kecimen': -0.24579364485350516}"
Kecimen,Besni,"{'Besni': -1.0994335975246625, 'Kecimen': -1.3107181004111157}"
Kecimen,Kecimen,"{'Besni': -2.9870806401075214, 'Kecimen': -0.9085999512260491}"
Kecimen,Kecimen,"{'Besni': -3.357549904702609, 'Kecimen': -0.8716833650837013}"
Kecimen,Kecimen,"{'Besni': -7.4738958407844, 'Kecimen': -2.5561397424531824}"
Kecimen,Kecimen,"{'Besni': -5.326066188038366, 'Kecimen': -2.9857124121595895}"
Kecimen,Kecimen,"{'Besni': -3.9932838971153473, 'Kecimen': -0.7758295929923246}"
Kecimen,Kecimen,"{'Besni': -4.383125104028883, 'Kecimen': -0.8989049740828478}"
Kecimen,Kecimen,"{'Besni': -6.620151119049154, 'Kecimen': -3.8106475535344675}"
Kecimen,Kecimen,"{'Besni': -2.03320296594625, 'Kecimen': -2.0245384710690915}"
Kecimen,Kecimen,"{'Besni': -2.4253156001173837, 'Kecimen': -1.1203948058737658}"
Kecimen,Kecimen,"{'Besni': -5.002480573687007, 'Kecimen': -1.4626849122133312}"
Kecimen,Kecimen,"{'Besni': -3.6405381087456288, 'Kecimen': -2.5445473747095884}"
Kecimen,Kecimen,"{'Besni': -2.086537200779551, 'Kecimen': -0.15320695085395397}"
Kecimen,Kecimen,"{'Besni': -5.261311769014334, 'Kecimen': -1.9494523433135245}"
Kecimen,Kecimen,"{'Besni': -16.60095402189859, 'Kecimen': -11.490960827348237}"
Kecimen,Kecimen,"{'Besni': -3.187430598763592, 'Kecimen': -1.4171164800964076}"
Kecimen,Kecimen,"{'Besni': -1.773678949211183, 'Kecimen': -1.301634911923283}"
Kecimen,Kecimen,"{'Besni': -3.935589084481731, 'Kecimen': -1.3492974617234226}"
Kecimen,Besni,"{'Besni': -5.551923819761898, 'Kecimen': -7.062029695135275}"
Kecimen,Kecimen,"{'Besni': -6.34077615749781, 'Kecimen': -4.087556794932806}"
Kecimen,Kecimen,"{'Besni': -4.069184574253477, 'Kecimen': -0.8706201539180025}"
Kecimen,Kecimen,"{'Besni': -10.012875060605445, 'Kecimen': -5.262442455248074}"
Kecimen,Besni,"{'Besni': -1.3145294325208068, 'Kecimen': -2.755685624403932}"
Kecimen,Besni,"{'Besni': -0.8633755957647352, 'Kecimen': -1.2623017965031715}"
Kecimen,Besni,"{'Besni': -2.4974148827285294, 'Kecimen': -3.1605758540567397}"
Kecimen,Kecimen,"{'Besni': -3.0090002494631545, 'Kecimen': -2.2668711040478797}"
Kecimen,Kecimen,"{'Besni': -2.135375567605337, 'Kecimen': -0.7407174235401441}"
Kecimen,Kecimen,"{'Besni': -2.8563373435356523, 'Kecimen': -1.3626315309536918}"
Kecimen,Kecimen,"{'Besni': -2.213193138619609, 'Kecimen': -1.2214857636572054}"
Kecimen,Kecimen,"{'Besni': -2.8795773846747537, 'Kecimen': -0.6370641863328994}"
Kecimen,Kecimen,"{'Besni': -6.324980949044993, 'Kecimen': -1.8873888031158335}"
Kecimen,Kecimen,"{'Besni': -2.562294641469836, 'Kecimen': -0.6228932790812696}"
Kecimen,Besni,"{'Besni': -2.602246154704819, 'Kecimen': -3.1149612289695687}"
Kecimen,Kecimen,"{'Besni': -3.193665935762499, 'Kecimen': -1.188158909297739}"
Kecimen,Kecimen,"{'Besni': -9.031009978418814, 'Kecimen': -5.66379222448414}"
Kecimen,Kecimen,"{'Besni': -8.044217636880234, 'Kecimen': -3.7735059838038794}"
Kecimen,Kecimen,"{'Besni': -4.0643119016151745, 'Kecimen': -0.687617230272981}"
Kecimen,Besni,"{'Besni': -1.4678774742985734, 'Kecimen': -2.7194869797168746}"
Kecimen,Kecimen,"{'Besni': -3.4503201271311523, 'Kecimen': -1.871089800646327}"
Kecimen,Kecimen,"{'Besni': -2.8255803195273472, 'Kecimen': -0.832178137551354}"
Kecimen,Kecimen,"{'Besni': -4.1287870121220305, 'Kecimen': -1.1507610350815265}"
Kecimen,Kecimen,"{'Besni': -3.305841501961376, 'Kecimen': -0.30859202695357957}"
Kecimen,Kecimen,"{'Besni': -2.84100591185648, 'Kecimen': -0.5095100047034815}"
Kecimen,Kecimen,"{'Besni': -2.9747309276705574, 'Kecimen': -1.0949420050303944}"
Kecimen,Besni,"{'Besni': -1.6849077016090055, 'Kecimen': -2.401971088993828}"
Kecimen,Kecimen,"{'Besni': -2.7249648650422538, 'Kecimen': -1.6866477605510188}"
Kecimen,Kecimen,"{'Besni': -3.317906867614988, 'Kecimen': -1.6842805514401433}"
Kecimen,Besni,"{'Besni': -2.6976840137840354, 'Kecimen': -3.3218055254937298}"
Kecimen,Kecimen,"{'Besni': -7.206142049683066, 'Kecimen': -2.5012529167080606}"
Kecimen,Kecimen,"{'Besni': -3.425091542660014, 'Kecimen': -1.4196643870579109}"
Kecimen,Besni,"{'Besni': -1.1433115627020678, 'Kecimen': -1.3790349783104967}"
Kecimen,Kecimen,"{'Besni': -4.696310401943842, 'Kecimen': -0.7868796091557919}"
Kecimen,Kecimen,"{'Besni': -4.228454868725686, 'Kecimen': -0.6700895969622976}"
Kecimen,Kecimen,"{'Besni': -1.3216890716448648, 'Kecimen': -0.9432522046714757}"
Kecimen,Kecimen,"{'Besni': -1.1438380870251974, 'Kecimen': -0.6098946689904663}"
Kecimen,Kecimen,"{'Besni': -2.9090463585274993, 'Kecimen': -0.529546721955591}"
Kecimen,Kecimen,"{'Besni': -6.804920333439222, 'Kecimen': -2.313940430795401}"
Kecimen,Kecimen,"{'Besni': -2.9351689567352413, 'Kecimen': -0.8776772685570622}"
Kecimen,Kecimen,"{'Besni': -5.856048209791236, 'Kecimen': -2.7726708584061086}"
Kecimen,Kecimen,"{'Besni': -4.0253209480007985, 'Kecimen': -1.266462133856614}"
Kecimen,Kecimen,"{'Besni': -2.4969275924013, 'Kecimen': -0.8564226343573973}"
Kecimen,Kecimen,"{'Besni': -3.267311033354863, 'Kecimen': -1.9470873597792426}"
Kecimen,Kecimen,"{'Besni': -2.3258743961583495, 'Kecimen': -1.0965974092112252}"
Kecimen,Besni,"{'Besni': -1.2475281654264747, 'Kecimen': -1.6507186045235662}"
Kecimen,Kecimen,"{'Besni': -33.28577169339817, 'Kecimen': -26.473390725867716}"
Kecimen,Kecimen,"{'Besni': -2.7331556766538134, 'Kecimen': -0.6082264224745428}"
Kecimen,Kecimen,"{'Besni': -11.080366485666493, 'Kecimen': -5.7808602525593304}"
Kecimen,Kecimen,"{'Besni': -6.331405103899172, 'Kecimen': -3.5654421856346183}"
Kecimen,Kecimen,"{'Besni': -4.28909965139477, 'Kecimen': -0.9360602703513443}"
Kecimen,Kecimen,"{'Besni': -4.29095932284684, 'Kecimen': -1.0681670569202983}"
Kecimen,Kecimen,"{'Besni': -1.0492490801787089, 'Kecimen': -0.6326655557244255}"
Kecimen,Besni,"{'Besni': -1.1041415620554682, 'Kecimen': -3.1292579552324984}"
Kecimen,Besni,"{'Besni': -2.575100445487166, 'Kecimen': -3.0173462688143653}"
Kecimen,Kecimen,"{'Besni': -2.821062913791746, 'Kecimen': -1.3107084787723424}"
Kecimen,Kecimen,"{'Besni': -3.411109978272367, 'Kecimen': -1.0395125935244554}"
Kecimen,Kecimen,"{'Besni': -6.938550142311761, 'Kecimen': -2.3043112855201153}"
Kecimen,Besni,"{'Besni': -0.9595234119265417, 'Kecimen': -1.5393771665546487}"
Kecimen,Kecimen,"{'Besni': -5.005993272062802, 'Kecimen': -1.4164118013696436}"
Kecimen,Besni,"{'Besni': -1.2428261912643515, 'Kecimen': -2.1764784222201787}"
Kecimen,Kecimen,"{'Besni': -2.722285009938111, 'Kecimen': -1.4581969166194881}"
Kecimen,Kecimen,"{'Besni': -2.6579585801100087, 'Kecimen': -0.28461828242547427}"
Kecimen,Besni,"{'Besni': -2.9827089076858915, 'Kecimen': -3.763254214835852}"
Kecimen,Kecimen,"{'Besni': -3.5393017607477795, 'Kecimen': -1.1284963711659217}"
Kecimen,Kecimen,"{'Besni': -1.867782387411252, 'Kecimen': -1.234290082829222}"
Kecimen,Kecimen,"{'Besni': -3.636555411055999, 'Kecimen': -3.015818646376311}"
Kecimen,Kecimen,"{'Besni': -5.581916630536645, 'Kecimen': -1.3558128353566214}"
Kecimen,Kecimen,"{'Besni': -11.777554285273759, 'Kecimen': -5.9228492251603875}"
Kecimen,Kecimen,"{'Besni': -4.9502372692946235, 'Kecimen': -0.9919088202244799}"
Kecimen,Besni,"{'Besni': -0.7388162430867118, 'Kecimen': -1.2527414357181947}"
Kecimen,Kecimen,"{'Besni': -2.4581133005561675, 'Kecimen': -0.7507525570505591}"
Kecimen,Kecimen,"{'Besni': -4.133457523888781, 'Kecimen': -1.1135647740743146}"
Kecimen,Kecimen,"{'Besni': -5.051080606924297, 'Kecimen': -2.3763920627132378}"
Kecimen,Kecimen,"{'Besni': -4.583058422803607, 'Kecimen': -2.7559110156360394}"
Kecimen,Kecimen,"{'Besni': -5.6754013115978434, 'Kecimen': -1.612945951096079}"
Kecimen,Kecimen,"{'Besni': -11.899232930437005, 'Kecimen': -6.877621152694573}"
Kecimen,Kecimen,"{'Besni': -4.244467577659815, 'Kecimen': -0.7476298530550815}"
Kecimen,Kecimen,"{'Besni': -1.901746220955875, 'Kecimen': -0.43891780634697}"
Kecimen,Kecimen,"{'Besni': -2.3633527363542433, 'Kecimen': -1.9210830876081446}"
Kecimen,Kecimen,"{'Besni': -3.513050121440388, 'Kecimen': -2.2586483131339956}"
Kecimen,Kecimen,"{'Besni': -4.3235070355268554, 'Kecimen': -2.807426802982823}"
Kecimen,Kecimen,"{'Besni': -25.55302113706661, 'Kecimen': -18.08672255808961}"
Kecimen,Besni,"{'Besni': -2.114011650428171, 'Kecimen': -2.285265901953121}"
Kecimen,Kecimen,"{'Besni': -6.9439008954838215, 'Kecimen': -3.1518690803268914}"
Kecimen,Kecimen,"{'Besni': -2.5223029530079697, 'Kecimen': -1.5425753076819448}"
Kecimen,Kecimen,"{'Besni': -2.899756000475957, 'Kecimen': -1.0551174834953965}"
Kecimen,Kecimen,"{'Besni': -16.20513513842996, 'Kecimen': -12.928946552776992}"
Kecimen,Kecimen,"{'Besni': -2.6279815897987895, 'Kecimen': -0.27476168674468926}"
Kecimen,Kecimen,"{'Besni': -4.308326778310541, 'Kecimen': -1.225669497752784}"
Kecimen,Kecimen,"{'Besni': -3.9972196178376933, 'Kecimen': -0.8931059745181781}"
Kecimen,Kecimen,"{'Besni': -3.862354481637654, 'Kecimen': -1.2582841380930825}"
Kecimen,Kecimen,"{'Besni': -2.07211397903383, 'Kecimen': -0.9148716794132066}"
Kecimen,Kecimen,"{'Besni': -2.901428827239748, 'Kecimen': -1.6660604248050792}"
Kecimen,Kecimen,"{'Besni': -2.644731427086098, 'Kecimen': -0.4093428192884492}"
Kecimen,Kecimen,"{'Besni': -2.295505825143729, 'Kecimen': -0.9176788428509641}"
Kecimen,Kecimen,"{'Besni': -7.723958931258625, 'Kecimen': -2.7118527066593976}"
Kecimen,Kecimen,"{'Besni': -2.3379874897110917, 'Kecimen': -0.11092778832732297}"
Kecimen,Kecimen,"{'Besni': -8.551195337171048, 'Kecimen': -2.9602489774335385}"
Kecimen,Kecimen,"{'Besni': -6.387999187740361, 'Kecimen': -1.9584934314786162}"
Kecimen,Kecimen,"{'Besni': -5.182663622769905, 'Kecimen': -1.539823107354519}"
Kecimen,Kecimen,"{'Besni': -5.192913598370264, 'Kecimen': -3.0720412013794256}"
Kecimen,Kecimen,"{'Besni': -4.539949177864845, 'Kecimen': -2.6691709962204686}"
Kecimen,Kecimen,"{'Besni': -2.4727363316837945, 'Kecimen': -0.25470950898463274}"
Kecimen,Kecimen,"{'Besni': -4.094438057042689, 'Kecimen': -0.9752049248306929}"
Kecimen,Kecimen,"{'Besni': -4.131750739764097, 'Kecimen': -1.008071262318361}"
Kecimen,Kecimen,"{'Besni': -5.002109010560588, 'Kecimen': -2.3899287779850384}"
Kecimen,Kecimen,"{'Besni': -2.327434596833254, 'Kecimen': -2.2591822596426585}"
Kecimen,Besni,"{'Besni': -1.3155391467593045, 'Kecimen': -1.957553983576553}"
Kecimen,Kecimen,"{'Besni': -4.989008394350215, 'Kecimen': -1.2219185674964224}"
Kecimen,Kecimen,"{'Besni': -5.975113187243267, 'Kecimen': -2.716037599267021}"
Kecimen,Kecimen,"{'Besni': -1.910811809872203, 'Kecimen': -1.5486650943760791}"
Kecimen,Kecimen,"{'Besni': -9.83926827673538, 'Kecimen': -5.598160601722688}"
Kecimen,Besni,"{'Besni': -1.1179592166094365, 'Kecimen': -1.9347777748109052}"
Kecimen,Kecimen,"{'Besni': -2.8619468672890553, 'Kecimen': -1.8924318121633754}"
Kecimen,Kecimen,"{'Besni': -1.4984598967136007, 'Kecimen': -1.144699421663146}"
Kecimen,Besni,"{'Besni': -0.9087175758517116, 'Kecimen': -2.1835169851503844}"
Kecimen,Kecimen,"{'Besni': -1.6722404480422521, 'Kecimen': -0.44220170608641507}"
Kecimen,Kecimen,"{'Besni': -7.640617205823274, 'Kecimen': -5.100132705915187}"
Kecimen,Kecimen,"{'Besni': -3.1061571647222195, 'Kecimen': -1.4705912214289087}"
Kecimen,Kecimen,"{'Besni': -2.8254773132620956, 'Kecimen': -0.5297478373821425}"
Kecimen,Kecimen,"{'Besni': -10.726051528762955, 'Kecimen': -6.3506594564407015}"
Kecimen,Besni,"{'Besni': -0.7207875803564145, 'Kecimen': -1.3683317647978133}"
Kecimen,Kecimen,"{'Besni': -9.604152799693514, 'Kecimen': -4.656341701818076}"
Kecimen,Kecimen,"{'Besni': -5.168951534609083, 'Kecimen': -1.505969107534299}"
Kecimen,Kecimen,"{'Besni': -18.34809388929831, 'Kecimen': -11.225782365617828}"
Kecimen,Kecimen,"{'Besni': -13.454329782678533, 'Kecimen': -7.4390063192198355}"
Kecimen,Kecimen,"{'Besni': -3.262398093871184, 'Kecimen': -1.2280115695332439}"
Kecimen,Kecimen,"{'Besni': -8.369966298859625, 'Kecimen': -5.699838277993706}"
Kecimen,Kecimen,"{'Besni': -5.890215404375876, 'Kecimen': -2.0039518512297687}"
Kecimen,Kecimen,"{'Besni': -3.4806640188834717, 'Kecimen': -0.2925916954668847}"
Kecimen,Kecimen,"{'Besni': -5.5759899832553135, 'Kecimen': -2.7488331264244747}"
Kecimen,Kecimen,"{'Besni': -2.7059363345926464, 'Kecimen': -0.4422574300370078}"
Kecimen,Kecimen,"{'Besni': -3.3399032125471555, 'Kecimen': -1.5535724263352588}"
Kecimen,Kecimen,"{'Besni': -3.7243619046834286, 'Kecimen': -2.321208073892245}"
Kecimen,Kecimen,"{'Besni': -3.6437826381786573, 'Kecimen': -0.4880245600507724}"
Kecimen,Kecimen,"{'Besni': -6.498073780222155, 'Kecimen': -3.8557476944922184}"
Kecimen,Kecimen,"{'Besni': -2.982284489396111, 'Kecimen': -0.34864708628668284}"
Kecimen,Kecimen,"{'Besni': -2.4115947807554825, 'Kecimen': -1.0952262985193328}"
Kecimen,Kecimen,"{'Besni': -4.285898098409291, 'Kecimen': -0.6272736689472568}"
Kecimen,Kecimen,"{'Besni': -3.602112210266707, 'Kecimen': -2.780642250780679}"
Kecimen,Kecimen,"{'Besni': -15.078144222625287, 'Kecimen': -9.176396884975144}"
Kecimen,Kecimen,"{'Besni': -8.10632191799436, 'Kecimen': -3.4566036558454423}"
Kecimen,Kecimen,"{'Besni': -17.061662202608606, 'Kecimen': -10.771483832824671}"
Kecimen,Kecimen,"{'Besni': -1.7253226880815653, 'Kecimen': -1.1105765697878862}"
Kecimen,Kecimen,"{'Besni': -6.063873550853115, 'Kecimen': -1.8418566274998527}"
Kecimen,Kecimen,"{'Besni': -4.605694033776789, 'Kecimen': -2.6170182501242882}"
Kecimen,Kecimen,"{'Besni': -6.923799075926006, 'Kecimen': -2.6241562566384693}"
Kecimen,Kecimen,"{'Besni': -4.30257228057073, 'Kecimen': -2.211717156404544}"
Kecimen,Kecimen,"{'Besni': -8.151706427910074, 'Kecimen': -3.1544420099389106}"
Kecimen,Kecimen,"{'Besni': -1.9068238309768257, 'Kecimen': -0.15008905764614708}"
Kecimen,Kecimen,"{'Besni': -4.543989755670831, 'Kecimen': -0.5803371996305902}"
Kecimen,Kecimen,"{'Besni': -7.736712198739038, 'Kecimen': -2.413321078517556}"
Kecimen,Kecimen,"{'Besni': -5.313678457489079, 'Kecimen': -1.9241978365868233}"
Kecimen,Kecimen,"{'Besni': -2.156239338153265, 'Kecimen': -0.14863338210532862}"
Kecimen,Kecimen,"{'Besni': -1.663404735276881, 'Kecimen': -1.117836200966782}"
Kecimen,Kecimen,"{'Besni': -3.8842907565610396, 'Kecimen': -1.848116079270842}"
Kecimen,Kecimen,"{'Besni': -2.0106367895403428, 'Kecimen': -1.3209102491922957}"
Kecimen,Kecimen,"{'Besni': -3.1170014345257426, 'Kecimen': -1.8838605038253808}"
Kecimen,Kecimen,"{'Besni': -2.546772691268412, 'Kecimen': -1.4556323357454046}"
Kecimen,Kecimen,"{'Besni': -5.554157781491804, 'Kecimen': -1.5299386576561926}"
Kecimen,Besni,"{'Besni': -2.297609282189656, 'Kecimen': -3.4370602652896887}"
Kecimen,Besni,"{'Besni': -2.755782816967819, 'Kecimen': -3.3178282131058845}"
Kecimen,Kecimen,"{'Besni': -2.0338201322564977, 'Kecimen': -0.8076375637410337}"
Kecimen,Kecimen,"{'Besni': -5.350827371100234, 'Kecimen': -2.919325366730507}"
Kecimen,Kecimen,"{'Besni': -18.81094260425938, 'Kecimen': -11.50118271796916}"
Kecimen,Kecimen,"{'Besni': -1.5567403334481678, 'Kecimen': -1.3939230324451017}"
Kecimen,Kecimen,"{'Besni': -4.124976653149698, 'Kecimen': -2.6692242640314467}"
Kecimen,Kecimen,"{'Besni': -5.863740323490907, 'Kecimen': -2.0422190013301407}"
Kecimen,Kecimen,"{'Besni': -2.282565018717219, 'Kecimen': -0.9184758783159714}"
Kecimen,Kecimen,"{'Besni': -3.840947177216183, 'Kecimen': -0.6725415750624286}"
Kecimen,Kecimen,"{'Besni': -3.0249219511591674, 'Kecimen': -1.9903146917870438}"
Kecimen,Kecimen,"{'Besni': -4.217676611386314, 'Kecimen': -0.5913061609200521}"
Kecimen,Kecimen,"{'Besni': -1.133990007930969, 'Kecimen': -0.9053933293946912}"
Kecimen,Kecimen,"{'Besni': -1.7265423136486415, 'Kecimen': -0.9056467181878134}"
Kecimen,Kecimen,"{'Besni': -2.806155013084321, 'Kecimen': -0.1964402804449169}"
Kecimen,Kecimen,"{'Besni': -2.3161830065292976, 'Kecimen': -2.1911671802370343}"
Kecimen,Kecimen,"{'Besni': -1.5180920812213878, 'Kecimen': -1.184478512771871}"
Kecimen,Kecimen,"{'Besni': -1.8099244458779538, 'Kecimen': -1.2509455175325206}"
Kecimen,Kecimen,"{'Besni': -3.7902894170691592, 'Kecimen': -0.6439174075452143}"
Kecimen,Besni,"{'Besni': -54.13062261502054, 'Kecimen': -60.17507845360052}"
Kecimen,Kecimen,"{'Besni': -2.7686496402398557, 'Kecimen': -1.5953064642988177}"
Kecimen,Kecimen,"{'Besni': -2.8843591089473866, 'Kecimen': -1.7345486616347061}"
Kecimen,Besni,"{'Besni': -0.9293402929190213, 'Kecimen': -1.7623426023362163}"
Kecimen,Kecimen,"{'Besni': -2.247974162607873, 'Kecimen': -0.8081802907654847}"
Kecimen,Kecimen,"{'Besni': -4.19504269377283, 'Kecimen': -1.5856446831802138}"
Kecimen,Kecimen,"{'Besni': -6.552125259027266, 'Kecimen': -2.8406694812758695}"
Kecimen,Kecimen,"{'Besni': -9.391720080345346, 'Kecimen': -5.159019462386257}"
Kecimen,Besni,"{'Besni': -2.8362290080762285, 'Kecimen': -3.0051551981823685}"
Kecimen,Kecimen,"{'Besni': -9.034760029034537, 'Kecimen': -3.4522074889034577}"
Kecimen,Kecimen,"{'Besni': -2.600484299640704, 'Kecimen': -1.9557951365425494}"
Kecimen,Kecimen,"{'Besni': -4.501486529145598, 'Kecimen': -0.8945004889685627}"
Kecimen,Kecimen,"{'Besni': -1.7956323675864914, 'Kecimen': -0.5400109526717353}"
Kecimen,Kecimen,"{'Besni': -1.5715977497525273, 'Kecimen': -1.0201434771779216}"
Kecimen,Kecimen,"{'Besni': -2.453326654936703, 'Kecimen': -0.08158428960556852}"
Kecimen,Kecimen,"{'Besni': -3.1355235014863077, 'Kecimen': -1.7828983568249233}"
Kecimen,Kecimen,"{'Besni': -6.3567909406859995, 'Kecimen': -5.598042458321741}"
Kecimen,Kecimen,"{'Besni': -4.48206914318259, 'Kecimen': -1.3602361226988575}"
Kecimen,Kecimen,"{'Besni': -3.6857822455274913, 'Kecimen': -1.1546055768218726}"
Kecimen,Kecimen,"{'Besni': -8.72408718318176, 'Kecimen': -3.9879551233165014}"
Kecimen,Kecimen,"{'Besni': -3.3098813402339324, 'Kecimen': -1.0918847703883883}"
Kecimen,Kecimen,"{'Besni': -6.085896777339306, 'Kecimen': -3.324568443093697}"
Kecimen,Kecimen,"{'Besni': -4.452896671542886, 'Kecimen': -1.5779090447748292}"
Kecimen,Kecimen,"{'Besni': -9.575578199291476, 'Kecimen': -4.850153520480026}"
Kecimen,Kecimen,"{'Besni': -3.1355819411798915, 'Kecimen': -1.3151666169985607}"
Kecimen,Kecimen,"{'Besni': -6.483887492442957, 'Kecimen': -2.574913119836431}"
Kecimen,Kecimen,"{'Besni': -20.53081546880238, 'Kecimen': -14.914452025985979}"
Kecimen,Kecimen,"{'Besni': -8.503198004606793, 'Kecimen': -3.143667383826507}"
Kecimen,Kecimen,"{'Besni': -6.846109521191529, 'Kecimen': -3.1526387365218613}"
Kecimen,Kecimen,"{'Besni': -3.1879888166046175, 'Kecimen': -0.22266918308446204}"
Kecimen,Kecimen,"{'Besni': -2.645475275023375, 'Kecimen': -1.360001896342592}"
Kecimen,Kecimen,"{'Besni': -3.2484277427551405, 'Kecimen': -0.162521740138505}"
Kecimen,Kecimen,"{'Besni': -6.786810558386213, 'Kecimen': -2.141454282666489}"
Kecimen,Kecimen,"{'Besni': -1.4635322162785123, 'Kecimen': -0.45397574518588835}"
Kecimen,Kecimen,"{'Besni': -2.3933889326828766, 'Kecimen': -0.5348356483090448}"
Kecimen,Kecimen,"{'Besni': -9.674058536372456, 'Kecimen': -4.4313915454389985}"
Kecimen,Kecimen,"{'Besni': -2.014659928000738, 'Kecimen': -0.8119632592785808}"
Kecimen,Kecimen,"{'Besni': -3.7548950902511335, 'Kecimen': -1.3218425858492446}"
Kecimen,Kecimen,"{'Besni': -2.794494016398076, 'Kecimen': -0.5156323912165316}"
Kecimen,Kecimen,"{'Besni': -1.605599136204872, 'Kecimen': -0.949507229169874}"
Kecimen,Kecimen,"{'Besni': -2.8856368130916614, 'Kecimen': -1.6322118379003188}"
Kecimen,Kecimen,"{'Besni': -2.9900634279744365, 'Kecimen': -0.905754210979553}"
Kecimen,Kecimen,"{'Besni': -4.340446627428173, 'Kecimen': -2.70903160993619}"
Kecimen,Kecimen,"{'Besni': -2.7748487769448804, 'Kecimen': -0.18406534421643803}"
Kecimen,Kecimen,"{'Besni': -7.701525693044649, 'Kecimen': -5.603067627370134}"
Kecimen,Kecimen,"{'Besni': -6.945247723654502, 'Kecimen': -4.613035719713662}"
Kecimen,Kecimen,"{'Besni': -2.92331405827151, 'Kecimen': -1.5469627943840503}"
Kecimen,Besni,"{'Besni': -1.018111783632544, 'Kecimen': -1.9527727631519145}"
Kecimen,Besni,"{'Besni': -1.0811022258913905, 'Kecimen': -1.4221236777998318}"
Kecimen,Kecimen,"{'Besni': -5.516214540566414, 'Kecimen': -2.796339016323462}"
Kecimen,Kecimen,"{'Besni': -7.14897037962673, 'Kecimen': -2.197102376195008}"
Kecimen,Besni,"{'Besni': -1.672773681011623, 'Kecimen': -2.38526588349257}"
Kecimen,Kecimen,"{'Besni': -3.78278437253579, 'Kecimen': -1.6093786857548789}"
Kecimen,Kecimen,"{'Besni': -2.9481193870135645, 'Kecimen': -1.6047910107034886}"
Kecimen,Kecimen,"{'Besni': -2.47125136066367, 'Kecimen': -0.49715439732551686}"
Kecimen,Besni,"{'Besni': -1.3219999763425685, 'Kecimen': -1.4524199171927865}"
Kecimen,Kecimen,"{'Besni': -5.1823260042839525, 'Kecimen': -1.7091675629467908}"
Kecimen,Kecimen,"{'Besni': -2.009779200695357, 'Kecimen': -0.42279855101247893}"
Kecimen,Besni,"{'Besni': -1.032531349698613, 'Kecimen': -1.4072482359538239}"
Kecimen,Besni,"{'Besni': -1.613638334766383, 'Kecimen': -2.0693793686888724}"
Kecimen,Kecimen,"{'Besni': -5.068010296940198, 'Kecimen': -1.295439825229228}"
Kecimen,Kecimen,"{'Besni': -1.938548902334981, 'Kecimen': -1.488138716857562}"
Kecimen,Kecimen,"{'Besni': -7.8187032661867075, 'Kecimen': -2.6366719940444874}"
Kecimen,Kecimen,"{'Besni': -3.937152942321159, 'Kecimen': -1.486132448979926}"
Kecimen,Kecimen,"{'Besni': -2.5719726420380677, 'Kecimen': -1.1015295767057378}"
Kecimen,Kecimen,"{'Besni': -2.099652436232506, 'Kecimen': -0.6482522589811196}"
Kecimen,Kecimen,"{'Besni': -15.6071641564664, 'Kecimen': -10.64670324386853}"
Kecimen,Kecimen,"{'Besni': -2.280292102449892, 'Kecimen': -1.462205924023664}"
Kecimen,Kecimen,"{'Besni': -1.0985302769734662, 'Kecimen': -0.7483177864663317}"
Kecimen,Kecimen,"{'Besni': -2.3010700507297095, 'Kecimen': -0.7029086948254477}"
Kecimen,Kecimen,"{'Besni': -4.233420275733573, 'Kecimen': -2.363962657234885}"
Kecimen,Kecimen,"{'Besni': -6.561959073189579, 'Kecimen': -1.7947219348414851}"
Kecimen,Kecimen,"{'Besni': -3.1526925632977267, 'Kecimen': -1.2003964468795059}"
Kecimen,Besni,"{'Besni': -2.0596614834620626, 'Kecimen': -2.6315573363232305}"
Kecimen,Kecimen,"{'Besni': -3.5948904193193147, 'Kecimen': -1.3745767868086671}"
Kecimen,Kecimen,"{'Besni': -4.8341555164741274, 'Kecimen': -0.7534807177370405}"
Kecimen,Kecimen,"{'Besni': -3.7388637458771248, 'Kecimen': -1.1113737793951803}"
Kecimen,Kecimen,"{'Besni': -3.909820476035984, 'Kecimen': -0.45946315996205356}"
Kecimen,Kecimen,"{'Besni': -2.696957024208161, 'Kecimen': -1.6461479207573437}"
Kecimen,Kecimen,"{'Besni': -2.4550823563730577, 'Kecimen': -0.21722584460495717}"
Kecimen,Kecimen,"{'Besni': -11.171242014489122, 'Kecimen': -5.676694941599672}"
Kecimen,Kecimen,"{'Besni': -2.7853187592358335, 'Kecimen': -0.7763361272641265}"
Kecimen,Kecimen,"{'Besni': -8.241927647927644, 'Kecimen': -6.095727714853039}"
Kecimen,Kecimen,"{'Besni': -2.632332416811342, 'Kecimen': -2.544683143993346}"
Kecimen,Kecimen,"{'Besni': -2.441644786989772, 'Kecimen': -0.7123443451110179}"
Kecimen,Kecimen,"{'Besni': -5.876159978806123, 'Kecimen': -3.427100622566851}"
Kecimen,Kecimen,"{'Besni': -3.7359971964778147, 'Kecimen': -2.0764061768899116}"
Kecimen,Kecimen,"{'Besni': -7.942168525952219, 'Kecimen': -2.73635912548337}"
Kecimen,Kecimen,"{'Besni': -4.782844126231582, 'Kecimen': -3.184538087718468}"
Kecimen,Kecimen,"{'Besni': -1.5931795678004939, 'Kecimen': -1.4566524076790184}"
Kecimen,Kecimen,"{'Besni': -1.2980703369710676, 'Kecimen': -1.0552424925415984}"
Kecimen,Kecimen,"{'Besni': -12.786998993853768, 'Kecimen': -7.75868658476025}"
Kecimen,Kecimen,"{'Besni': -14.629564015761101, 'Kecimen': -8.854580597948992}"
Kecimen,Kecimen,"{'Besni': -1.9186759939448796, 'Kecimen': -0.26992778368692333}"
Kecimen,Kecimen,"{'Besni': -1.6514140588087978, 'Kecimen': -0.741209626670781}"
Kecimen,Kecimen,"{'Besni': -4.914394886385876, 'Kecimen': -0.8772713574526293}"
Kecimen,Kecimen,"{'Besni': -2.816289071079129, 'Kecimen': -1.9345091265268972}"
Kecimen,Kecimen,"{'Besni': -1.9446801746357254, 'Kecimen': -1.8634018072379432}"
Kecimen,Kecimen,"{'Besni': -2.865404018342402, 'Kecimen': -2.103890275372085}"
Kecimen,Kecimen,"{'Besni': -3.5385720949618618, 'Kecimen': -2.5486346367142816}"
Kecimen,Kecimen,"{'Besni': -3.4938315806241156, 'Kecimen': -1.1630299881249215}"
Kecimen,Kecimen,"{'Besni': -1.7567681820819456, 'Kecimen': -1.4499496912750587}"
Kecimen,Kecimen,"{'Besni': -3.4861196087211725, 'Kecimen': -0.702629603783021}"
Kecimen,Kecimen,"{'Besni': -1.6283951434895507, 'Kecimen': -1.4794065321681111}"
Kecimen,Besni,"{'Besni': -0.6247155871965911, 'Kecimen': -1.4127616921740627}"
Kecimen,Kecimen,"{'Besni': -11.258549149948559, 'Kecimen': -6.050591803952382}"
Kecimen,Kecimen,"{'Besni': -1.8578057093177582, 'Kecimen': -1.7644561633632625}"
Kecimen,Kecimen,"{'Besni': -1.7108640790721747, 'Kecimen': -1.3825724447760086}"
Kecimen,Besni,"{'Besni': -1.2200329735782236, 'Kecimen': -2.0214666210259473}"
Kecimen,Kecimen,"{'Besni': -3.481842956053111, 'Kecimen': -0.9605842661996179}"
Kecimen,Kecimen,"{'Besni': -4.042745980810458, 'Kecimen': -1.3565010613388637}"
Kecimen,Kecimen,"{'Besni': -8.650114217736508, 'Kecimen': -4.602995715203798}"
Kecimen,Kecimen,"{'Besni': -4.584028638415338, 'Kecimen': -1.9306134162326098}"
Kecimen,Besni,"{'Besni': -1.5904429121490704, 'Kecimen': -1.8298768577550892}"
Kecimen,Kecimen,"{'Besni': -2.2238406183101596, 'Kecimen': -1.2831261934168094}"
Kecimen,Kecimen,"{'Besni': -3.4933607280712, 'Kecimen': -0.7870496609456208}"
Kecimen,Kecimen,"{'Besni': -3.5088607244552836, 'Kecimen': -1.0622719299899517}"
Kecimen,Kecimen,"{'Besni': -1.926313251899007, 'Kecimen': -0.9467089193994447}"
Kecimen,Besni,"{'Besni': -1.5910231075850634, 'Kecimen': -1.6601031519777194}"
Kecimen,Besni,"{'Besni': -1.3939127249619974, 'Kecimen': -2.1020301447305245}"
Kecimen,Kecimen,"{'Besni': -2.1716509303142, 'Kecimen': -0.42358074455459344}"
Kecimen,Kecimen,"{'Besni': -2.7615956478211547, 'Kecimen': -1.667668301874147}"
Kecimen,Kecimen,"{'Besni': -2.6760866604591005, 'Kecimen': -0.3659774923594461}"
Kecimen,Kecimen,"{'Besni': -3.810025633820775, 'Kecimen': -0.9329173648501343}"
Kecimen,Kecimen,"{'Besni': -8.729651455291522, 'Kecimen': -3.7161406804581527}"
Kecimen,Kecimen,"{'Besni': -3.6613906432654346, 'Kecimen': -0.7276196921028227}"
Kecimen,Kecimen,"{'Besni': -12.051312997916826, 'Kecimen': -6.181526002667249}"
Kecimen,Kecimen,"{'Besni': -4.887828254392039, 'Kecimen': -1.6640031631146395}"
Kecimen,Kecimen,"{'Besni': -1.818543706937275, 'Kecimen': -0.672014955981761}"
Kecimen,Kecimen,"{'Besni': -1.8059807060250295, 'Kecimen': -1.2676539149852815}"
Kecimen,Kecimen,"{'Besni': -7.051770814753542, 'Kecimen': -4.687018414088666}"
Kecimen,Besni,"{'Besni': -3.791455297151393, 'Kecimen': -3.915393950269844}"
Kecimen,Kecimen,"{'Besni': -10.376527805556018, 'Kecimen': -4.2644172487956125}"
Kecimen,Kecimen,"{'Besni': -7.159834782639908, 'Kecimen': -2.2258244260051026}"
Kecimen,Kecimen,"{'Besni': -7.1280352014883555, 'Kecimen': -2.1946948159336723}"
Kecimen,Kecimen,"{'Besni': -3.279293947459262, 'Kecimen': -2.282871138203843}"
Kecimen,Kecimen,"{'Besni': -3.3803476535524, 'Kecimen': -0.9989428451859541}"
Kecimen,Kecimen,"{'Besni': -7.100705703447321, 'Kecimen': -2.154350997429771}"
Kecimen,Kecimen,"{'Besni': -5.260157000715674, 'Kecimen': -1.9922158044028233}"
Kecimen,Kecimen,"{'Besni': -2.713064362872613, 'Kecimen': -0.4714461105381525}"
Kecimen,Kecimen,"{'Besni': -3.1779050145379983, 'Kecimen': -0.8747175842054375}"
Kecimen,Kecimen,"{'Besni': -2.609637686979479, 'Kecimen': -0.8341124810920112}"
Kecimen,Kecimen,"{'Besni': -2.84634584013239, 'Kecimen': -1.2695316049931304}"
Kecimen,Kecimen,"{'Besni': -1.603241257005827, 'Kecimen': -1.0726158944205149}"
Kecimen,Kecimen,"{'Besni': -2.734897024518113, 'Kecimen': -1.8990623480211415}"
Kecimen,Kecimen,"{'Besni': -15.751992659030456, 'Kecimen': -9.727720889837308}"
Kecimen,Kecimen,"{'Besni': -1.3378647029725208, 'Kecimen': -0.8405810277938655}"
Kecimen,Besni,"{'Besni': -0.9658092832009628, 'Kecimen': -1.281108901006934}"
Kecimen,Besni,"{'Besni': -1.7213905660245041, 'Kecimen': -2.0051193189638656}"
Kecimen,Kecimen,"{'Besni': -6.592544013462504, 'Kecimen': -5.884386780740977}"
Kecimen,Kecimen,"{'Besni': -4.063521380360564, 'Kecimen': -0.4431840378556562}"
Kecimen,Kecimen,"{'Besni': -2.6017975292853763, 'Kecimen': -0.419225754200439}"
Kecimen,Kecimen,"{'Besni': -2.9609782022857765, 'Kecimen': -0.9655896613585162}"
Kecimen,Kecimen,"{'Besni': -1.5811967497122872, 'Kecimen': -1.5088547024665955}"
Kecimen,Kecimen,"{'Besni': -1.794749271828218, 'Kecimen': -0.883320721731509}"
Kecimen,Kecimen,"{'Besni': -4.046838000118292, 'Kecimen': -1.9276953253290139}"
Kecimen,Besni,"{'Besni': -2.038470406771088, 'Kecimen': -2.415905355852236}"
Kecimen,Kecimen,"{'Besni': -3.0516411247321678, 'Kecimen': -3.037587476230751}"
Kecimen,Kecimen,"{'Besni': -5.271268792721944, 'Kecimen': -4.767727247678591}"
Kecimen,Kecimen,"{'Besni': -9.816640674094057, 'Kecimen': -4.645162675845543}"
Besni,Besni,"{'Besni': -6.879915792954979, 'Kecimen': -12.329971955506352}"
Besni,Besni,"{'Besni': -1.5214236830354142, 'Kecimen': -4.863652258004603}"
Besni,Besni,"{'Besni': -1.231638644398348, 'Kecimen': -3.5080251339712136}"
Besni,Besni,"{'Besni': -1.181525861487322, 'Kecimen': -1.664602812579579}"
Besni,Kecimen,"{'Besni': -3.0117807986113867, 'Kecimen': -2.8262382400944945}"
Besni,Besni,"{'Besni': -2.387824773808984, 'Kecimen': -5.289453652507605}"
Besni,Besni,"{'Besni': -2.353489740917247, 'Kecimen': -6.2736890990439305}"
Besni,Besni,"{'Besni': -1.7982321306784694, 'Kecimen': -4.948474289641703}"
Besni,Besni,"{'Besni': -8.373326440142227, 'Kecimen': -9.472433833633243}"
Besni,Besni,"{'Besni': -8.74107231609315, 'Kecimen': -12.180359205516877}"
Besni,Besni,"{'Besni': -1.093568633682742, 'Kecimen': -3.5879587063050344}"
Besni,Besni,"{'Besni': -8.123710115554653, 'Kecimen': -10.82954126456397}"
Besni,Besni,"{'Besni': -11.189176773203545, 'Kecimen': -15.975183589453302}"
Besni,Kecimen,"{'Besni': -10.227279410067403, 'Kecimen': -6.568915237965126}"
Besni,Besni,"{'Besni': -5.488236514013456, 'Kecimen': -10.310321626075694}"
Besni,Kecimen,"{'Besni': -1.721636138438078, 'Kecimen': -0.9174711955782933}"
Besni,Besni,"{'Besni': -6.277796672722165, 'Kecimen': -10.697576516456605}"
Besni,Besni,"{'Besni': -9.14106647187229, 'Kecimen': -14.11901376577177}"
Besni,Besni,"{'Besni': -3.0029860225585523, 'Kecimen': -7.991002468801199}"
Besni,Besni,"{'Besni': -10.785151898050982, 'Kecimen': -17.208791623780364}"
Besni,Kecimen,"{'Besni': -1.8424350703124017, 'Kecimen': -1.459869808513715}"
Besni,Besni,"{'Besni': -2.5971210884104163, 'Kecimen': -3.538589215886499}"
Besni,Besni,"{'Besni': -0.38947560695570316, 'Kecimen': -2.1296318445601097}"
Besni,Besni,"{'Besni': -2.9767078226077412, 'Kecimen': -7.71053585400608}"
Besni,Besni,"{'Besni': -0.8482914958306224, 'Kecimen': -1.8871057969852119}"
Besni,Besni,"{'Besni': -4.7774417347431095, 'Kecimen': -9.032761448640096}"
Besni,Besni,"{'Besni': -0.6829376472052978, 'Kecimen': -3.840443396818466}"
Besni,Besni,"{'Besni': -2.00370399875489, 'Kecimen': -3.4631025570159144}"
Besni,Besni,"{'Besni': -3.332668001378507, 'Kecimen': -6.871254565616221}"
Besni,Besni,"{'Besni': -23.336214804148568, 'Kecimen': -26.327764063916014}"
Besni,Besni,"{'Besni': -3.086179901959397, 'Kecimen': -7.574175956260575}"
Besni,Kecimen,"{'Besni': -2.4950932571750983, 'Kecimen': -1.5652813440011966}"
Besni,Besni,"{'Besni': -1.1655547773325412, 'Kecimen': -2.961269202747975}"
Besni,Kecimen,"{'Besni': -9.335692139364696, 'Kecimen': -8.35631397223747}"
Besni,Besni,"{'Besni': -6.697218668350808, 'Kecimen': -10.943932280682944}"
Besni,Besni,"{'Besni': -0.8933722145086263, 'Kecimen': -1.71343979708851}"
Besni,Besni,"{'Besni': -1.2232331760403095, 'Kecimen': -2.760733835330427}"
Besni,Besni,"{'Besni': -148.7744348725818, 'Kecimen': -152.07662938461473}"
Besni,Besni,"{'Besni': -3.381570122427588, 'Kecimen': -5.402530520739528}"
Besni,Besni,"{'Besni': -1.8563972437096903, 'Kecimen': -3.427733237243757}"
Besni,Besni,"{'Besni': -9.365641483931707, 'Kecimen': -11.649766085933097}"
Besni,Besni,"{'Besni': -0.8565998660931955, 'Kecimen': -1.223293134089422}"
Besni,Besni,"{'Besni': -0.873833098363422, 'Kecimen': -2.4215330970328255}"
Besni,Besni,"{'Besni': -1.1439153448012793, 'Kecimen': -1.1901012657189678}"
Besni,Besni,"{'Besni': -1.6650449296850574, 'Kecimen': -2.048525427839644}"
Besni,Besni,"{'Besni': -0.8026675391157536, 'Kecimen': -4.679330584135142}"
Besni,Besni,"{'Besni': -2.0696631540475057, 'Kecimen': -5.1103873964734}"
Besni,Besni,"{'Besni': -0.8960029096137685, 'Kecimen': -1.2671462127844073}"
Besni,Besni,"{'Besni': -9.168037819790966, 'Kecimen': -12.162718604053097}"
Besni,Besni,"{'Besni': -0.8494373642413711, 'Kecimen': -2.943150860002283}"
Besni,Besni,"{'Besni': -9.05561050410946, 'Kecimen': -9.767851346158896}"
Besni,Besni,"{'Besni': -3.7089569091505568, 'Kecimen': -8.688358473997347}"
Besni,Kecimen,"{'Besni': -1.6879260783812606, 'Kecimen': -1.4224727547759821}"
Besni,Besni,"{'Besni': -1.4014326651994584, 'Kecimen': -5.509807586318442}"
Besni,Besni,"{'Besni': -4.904573245098138, 'Kecimen': -7.6755183585786275}"
Besni,Besni,"{'Besni': -3.3039862266401334, 'Kecimen': -6.085656840306735}"
Besni,Besni,"{'Besni': -85.59728741527326, 'Kecimen': -90.3981703379622}"
Besni,Besni,"{'Besni': -12.075736463712406, 'Kecimen': -15.552519724443115}"
Besni,Besni,"{'Besni': -7.552788215260386, 'Kecimen': -12.780491315535249}"
Besni,Besni,"{'Besni': -11.911495640714179, 'Kecimen': -19.179334240701365}"
Besni,Besni,"{'Besni': -3.109055499187802, 'Kecimen': -4.807305219471906}"
Besni,Besni,"{'Besni': -2.769705851989971, 'Kecimen': -5.054972077324787}"
Besni,Besni,"{'Besni': -1.4128559944031769, 'Kecimen': -2.7465432781384633}"
Besni,Besni,"{'Besni': -1.4340814660039527, 'Kecimen': -3.0021494961114064}"
Besni,Besni,"{'Besni': -3.033312554438302, 'Kecimen': -6.95473199044842}"
Besni,Besni,"{'Besni': -6.535854141266449, 'Kecimen': -10.73709867433198}"
Besni,Besni,"{'Besni': -9.712942404794461, 'Kecimen': -15.015957449293161}"
Besni,Besni,"{'Besni': -0.5108872440472684, 'Kecimen': -1.9923118283920749}"
Besni,Besni,"{'Besni': -3.004268427727437, 'Kecimen': -3.378234063612326}"
Besni,Besni,"{'Besni': -1.1954211611686765, 'Kecimen': -1.6551963548826887}"
Besni,Besni,"{'Besni': -2.8752185084210766, 'Kecimen': -7.6774926578845015}"
Besni,Besni,"{'Besni': -0.9327806750858486, 'Kecimen': -2.1111199440269326}"
Besni,Besni,"{'Besni': -6.692907745596381, 'Kecimen': -13.13602366731979}"
Besni,Besni,"{'Besni': -0.8409691568004434, 'Kecimen': -3.529249537419078}"
Besni,Kecimen,"{'Besni': -2.6950474493005916, 'Kecimen': -1.3129050453995508}"
Besni,Besni,"{'Besni': -1.8775298686194692, 'Kecimen': -6.038168485047793}"
Besni,Besni,"{'Besni': -1.4631078115032867, 'Kecimen': -1.5106497615646681}"
Besni,Besni,"{'Besni': -3.4597851783128837, 'Kecimen': -8.25729840319456}"
Besni,Besni,"{'Besni': -1.951088192550337, 'Kecimen': -5.813388959327695}"
Besni,Besni,"{'Besni': -2.8017809796403452, 'Kecimen': -3.8830204014559917}"
Besni,Besni,"{'Besni': -9.304336743220446, 'Kecimen': -13.377235977817357}"
Besni,Besni,"{'Besni': -4.109314458937655, 'Kecimen': -8.306784227466784}"
Besni,Besni,"{'Besni': -2.160892231063229, 'Kecimen': -4.078760206091313}"
Besni,Besni,"{'Besni': -1.9287419871192317, 'Kecimen': -5.005158528366808}"
Besni,Besni,"{'Besni': -8.043389367774711, 'Kecimen': -13.722702072451366}"
Besni,Kecimen,"{'Besni': -1.6742262351075965, 'Kecimen': -1.6228420103466636}"
Besni,Besni,"{'Besni': -9.815843815460813, 'Kecimen': -13.185782539827475}"
Besni,Besni,"{'Besni': -1.7642829092954093, 'Kecimen': -1.953826288203883}"
Besni,Besni,"{'Besni': -2.5824160491004253, 'Kecimen': -7.663061789069605}"
Besni,Besni,"{'Besni': -5.1275440240689605, 'Kecimen': -8.756908246205482}"
Besni,Besni,"{'Besni': -15.366504899803589, 'Kecimen': -21.632856574385578}"
Besni,Besni,"{'Besni': -9.318488961258836, 'Kecimen': -14.162103733648436}"
Besni,Besni,"{'Besni': -1.1945346871415423, 'Kecimen': -5.190578208825098}"
Besni,Besni,"{'Besni': -2.4186939339157836, 'Kecimen': -4.502370712898226}"
Besni,Besni,"{'Besni': -4.211486782581705, 'Kecimen': -7.111062931842717}"
Besni,Besni,"{'Besni': -1.8938275822414976, 'Kecimen': -2.428757642716537}"
Besni,Besni,"{'Besni': -5.951475651701871, 'Kecimen': -7.157891012412396}"
Besni,Besni,"{'Besni': -2.5461653018650026, 'Kecimen': -5.56184903920604}"
Besni,Besni,"{'Besni': -5.0585600191231235, 'Kecimen': -10.260599989937226}"
Besni,Besni,"{'Besni': -1.365540499586743, 'Kecimen': -3.265680535050544}"
Besni,Besni,"{'Besni': -1.8068856378873375, 'Kecimen': -2.9933343124664615}"
Besni,Besni,"{'Besni': -2.8769452299830114, 'Kecimen': -3.135182184382261}"
Besni,Besni,"{'Besni': -14.054579669050742, 'Kecimen': -17.21183557764126}"
Besni,Besni,"{'Besni': -0.6734276978117384, 'Kecimen': -1.5720484287613599}"
Besni,Besni,"{'Besni': -1.2738702691920896, 'Kecimen': -2.133589400475633}"
Besni,Besni,"{'Besni': -0.8254389630468952, 'Kecimen': -3.9931514755180437}"
Besni,Besni,"{'Besni': -1.7161922619053827, 'Kecimen': -2.465599402822276}"
Besni,Besni,"{'Besni': -2.590154106660745, 'Kecimen': -3.6197082180937707}"
Besni,Kecimen,"{'Besni': -4.127105905020407, 'Kecimen': -3.084885797355415}"
Besni,Besni,"{'Besni': -2.611006935789251, 'Kecimen': -5.305818303255691}"
Besni,Besni,"{'Besni': -5.20126781386972, 'Kecimen': -8.671172201124937}"
Besni,Besni,"{'Besni': -1.2370769097449767, 'Kecimen': -4.315832496073606}"
Besni,Besni,"{'Besni': -3.08484211873311, 'Kecimen': -5.307823173594611}"
Besni,Besni,"{'Besni': -1.6606004805558823, 'Kecimen': -4.494827217163197}"
Besni,Besni,"{'Besni': -1.5487239013710257, 'Kecimen': -4.868487342065105}"
Besni,Besni,"{'Besni': -0.7455657372243574, 'Kecimen': -4.098771386673465}"
Besni,Besni,"{'Besni': -1.6897447444237328, 'Kecimen': -5.031313499865413}"
Besni,Besni,"{'Besni': -2.2803018288205807, 'Kecimen': -5.7618016709198185}"
Besni,Besni,"{'Besni': -2.596316892098311, 'Kecimen': -5.591463929134099}"
Besni,Besni,"{'Besni': -1.0067943351769806, 'Kecimen': -3.2132827515737876}"
Besni,Besni,"{'Besni': -2.268118668444317, 'Kecimen': -3.922341443668862}"
Besni,Kecimen,"{'Besni': -2.1708750638290466, 'Kecimen': -2.0670844528525913}"
Besni,Besni,"{'Besni': -1.0294686044104722, 'Kecimen': -1.7830056973053163}"
Besni,Besni,"{'Besni': -8.809385105742635, 'Kecimen': -14.004352140940643}"
Besni,Besni,"{'Besni': -15.897758736561093, 'Kecimen': -23.45856938306833}"
Besni,Besni,"{'Besni': -2.744686396174245, 'Kecimen': -6.903829622799853}"
Besni,Besni,"{'Besni': -1.42472081284683, 'Kecimen': -4.771460146696242}"
Besni,Besni,"{'Besni': -0.8665918499433536, 'Kecimen': -4.000258037368539}"
Besni,Besni,"{'Besni': -1.0244982620239564, 'Kecimen': -4.117605585199353}"
Besni,Besni,"{'Besni': -8.296903152358214, 'Kecimen': -13.306638053398263}"
Besni,Besni,"{'Besni': -14.058386182154095, 'Kecimen': -21.26747967107687}"
Besni,Besni,"{'Besni': -11.670008297713817, 'Kecimen': -15.347512683383375}"
Besni,Besni,"{'Besni': -1.542029480010964, 'Kecimen': -5.6666929524141425}"
Besni,Besni,"{'Besni': -0.8793503492827484, 'Kecimen': -3.0781157398987276}"
Besni,Besni,"{'Besni': -0.534079155971622, 'Kecimen': -2.877732209847321}"
Besni,Kecimen,"{'Besni': -2.544172776853264, 'Kecimen': -1.3572494522357148}"
Besni,Besni,"{'Besni': -3.816817313373612, 'Kecimen': -9.265321704878197}"
Besni,Besni,"{'Besni': -1.8141545272781616, 'Kecimen': -3.058587302474753}"
Besni,Besni,"{'Besni': -1.9882523470461306, 'Kecimen': -5.246670878132456}"
Besni,Besni,"{'Besni': -2.2254863226096315, 'Kecimen': -5.435930725148658}"
Besni,Besni,"{'Besni': -5.996342791176005, 'Kecimen': -10.215611174795976}"
Besni,Besni,"{'Besni': -0.8355044827248062, 'Kecimen': -2.5532118203575522}"
Besni,Besni,"{'Besni': -1.3597358967276965, 'Kecimen': -4.822334864269472}"
Besni,Besni,"{'Besni': -0.6756063935241565, 'Kecimen': -3.3041872198860824}"
Besni,Besni,"{'Besni': -0.4846537524159624, 'Kecimen': -3.9419581903756296}"
Besni,Besni,"{'Besni': -2.685687712705235, 'Kecimen': -4.438162522074906}"
Besni,Kecimen,"{'Besni': -3.9660680824186167, 'Kecimen': -0.8939789088291512}"
Besni,Besni,"{'Besni': -1.0840166885144429, 'Kecimen': -2.4178172777351716}"
Besni,Kecimen,"{'Besni': -3.375116875963438, 'Kecimen': -2.509876411326541}"
Besni,Besni,"{'Besni': -4.878285882388627, 'Kecimen': -8.807808945657062}"
Besni,Besni,"{'Besni': -5.912055728764058, 'Kecimen': -8.277034054802016}"
Besni,Besni,"{'Besni': -4.144929497730282, 'Kecimen': -6.333635751020788}"
Besni,Besni,"{'Besni': -2.5640973917855048, 'Kecimen': -3.731299673097724}"
Besni,Besni,"{'Besni': -0.6446552124949323, 'Kecimen': -3.790303912473754}"
Besni,Besni,"{'Besni': -2.5198991560049926, 'Kecimen': -3.6654640592092758}"
Besni,Besni,"{'Besni': -3.7791905875336322, 'Kecimen': -7.732258545301043}"
Besni,Besni,"{'Besni': -3.0468788300480893, 'Kecimen': -3.1196529307865646}"
Besni,Kecimen,"{'Besni': -3.035727949173248, 'Kecimen': -2.566234165754961}"
Besni,Besni,"{'Besni': -6.103422941658009, 'Kecimen': -10.041655417339442}"
Besni,Besni,"{'Besni': -0.9394051176205593, 'Kecimen': -4.740520676424293}"
Besni,Kecimen,"{'Besni': -2.3660122991214934, 'Kecimen': -1.710630585080442}"
Besni,Kecimen,"{'Besni': -1.8281742000879913, 'Kecimen': -1.2130870550572517}"
Besni,Besni,"{'Besni': -4.927147767753012, 'Kecimen': -6.852925975475433}"
Besni,Besni,"{'Besni': -1.5549454405434926, 'Kecimen': -4.073891389651143}"
Besni,Kecimen,"{'Besni': -2.822522118745497, 'Kecimen': -0.2803157955873525}"
Besni,Besni,"{'Besni': -1.6866919795394797, 'Kecimen': -2.875937352721353}"
Besni,Besni,"{'Besni': -9.956858946676233, 'Kecimen': -13.448269838380623}"
Besni,Besni,"{'Besni': -1.405322002564214, 'Kecimen': -3.739518295027243}"
Besni,Besni,"{'Besni': -1.243921621042914, 'Kecimen': -3.484132664779496}"
Besni,Besni,"{'Besni': -1.3428180743641343, 'Kecimen': -4.776424507151672}"
Besni,Besni,"{'Besni': -1.83815192086427, 'Kecimen': -3.1803307686805056}"
Besni,Besni,"{'Besni': -1.794470202308071, 'Kecimen': -6.450979851102819}"
Besni,Besni,"{'Besni': -8.29694735613823, 'Kecimen': -12.399802410378655}"
Besni,Besni,"{'Besni': -6.685144906288909, 'Kecimen': -11.748596537566526}"
Besni,Besni,"{'Besni': -4.131398811647465, 'Kecimen': -5.9200171077661246}"
Besni,Besni,"{'Besni': -1.1887844807542516, 'Kecimen': -2.243121400035138}"
Besni,Besni,"{'Besni': -4.728221406346375, 'Kecimen': -8.688392142024128}"
Besni,Besni,"{'Besni': -2.0041563302464223, 'Kecimen': -3.3559977175518427}"
Besni,Besni,"{'Besni': -1.2241076940680258, 'Kecimen': -3.2446976590888426}"
Besni,Besni,"{'Besni': -3.6862888360468187, 'Kecimen': -5.649363417717634}"
Besni,Besni,"{'Besni': -0.507816634639924, 'Kecimen': -2.0706228734134946}"
Besni,Besni,"{'Besni': -0.7451369154020804, 'Kecimen': -2.740204959193351}"
Besni,Besni,"{'Besni': -1.1705080584304595, 'Kecimen': -1.7517568432487387}"
Besni,Kecimen,"{'Besni': -2.6829052364673176, 'Kecimen': -1.092255584922266}"
Besni,Besni,"{'Besni': -12.14238802916476, 'Kecimen': -18.692330409954593}"
Besni,Kecimen,"{'Besni': -1.628562198646228, 'Kecimen': -0.5769364631704477}"
Besni,Besni,"{'Besni': -1.6323793097789479, 'Kecimen': -2.8626768554140827}"
Besni,Besni,"{'Besni': -3.797581520504364, 'Kecimen': -9.034980428069094}"
Besni,Besni,"{'Besni': -0.49189094439612, 'Kecimen': -2.144551599106675}"
Besni,Kecimen,"{'Besni': -14.805629103830867, 'Kecimen': -14.05151425380131}"
Besni,Besni,"{'Besni': -1.027431289877503, 'Kecimen': -3.2766538984152103}"
Besni,Besni,"{'Besni': -0.9855191017793217, 'Kecimen': -4.218904247495482}"
Besni,Besni,"{'Besni': -1.2299309971568166, 'Kecimen': -1.4758074526641682}"
Besni,Besni,"{'Besni': -0.7215546640053474, 'Kecimen': -2.46561109209857}"
Besni,Besni,"{'Besni': -1.8601283405934415, 'Kecimen': -3.6533735866972705}"
Besni,Besni,"{'Besni': -0.8528586330490624, 'Kecimen': -2.7295552512307086}"
Besni,Besni,"{'Besni': -1.3911120133734567, 'Kecimen': -2.177110040386683}"
Besni,Besni,"{'Besni': -1.5016794350977136, 'Kecimen': -1.503123889814937}"
Besni,Kecimen,"{'Besni': -1.793747383977049, 'Kecimen': -1.0405699982857737}"
Besni,Besni,"{'Besni': -0.9617426983174324, 'Kecimen': -2.439088323230599}"
Besni,Besni,"{'Besni': -7.620015480875224, 'Kecimen': -11.7018280719502}"
Besni,Besni,"{'Besni': -0.5461563579972668, 'Kecimen': -3.242095126347838}"
Besni,Besni,"{'Besni': -1.01340433908743, 'Kecimen': -2.4368904024849183}"
Besni,Besni,"{'Besni': -1.160796771425067, 'Kecimen': -3.0745631690888295}"
Besni,Besni,"{'Besni': -3.5363037831611983, 'Kecimen': -7.092926941074433}"
Besni,Kecimen,"{'Besni': -2.1820962172183265, 'Kecimen': -0.4269796452852257}"
Besni,Besni,"{'Besni': -8.740423331422056, 'Kecimen': -12.313542130092554}"
Besni,Besni,"{'Besni': -9.455009070348469, 'Kecimen': -15.764805949442035}"
Besni,Besni,"{'Besni': -1.0345335604467907, 'Kecimen': -1.5166273793398528}"
Besni,Besni,"{'Besni': -0.9747160379353417, 'Kecimen': -2.1022869158905024}"
Besni,Kecimen,"{'Besni': -3.139709946663828, 'Kecimen': -0.9048707167197918}"
Besni,Besni,"{'Besni': -3.116191920648875, 'Kecimen': -8.451936484868853}"
Besni,Kecimen,"{'Besni': -7.227661086831091, 'Kecimen': -2.0807346981474533}"
Besni,Besni,"{'Besni': -0.6438981906827919, 'Kecimen': -1.5140083213320348}"
Besni,Besni,"{'Besni': -2.169898987492136, 'Kecimen': -5.6503149777519415}"
Besni,Besni,"{'Besni': -1.2899506912653567, 'Kecimen': -1.3781551813551634}"
Besni,Besni,"{'Besni': -5.199929123741292, 'Kecimen': -8.884553723878053}"
Besni,Besni,"{'Besni': -2.402854669062754, 'Kecimen': -4.730560246834628}"
Besni,Besni,"{'Besni': -11.755348605455637, 'Kecimen': -17.96026731330966}"
Besni,Besni,"{'Besni': -2.7196299767764858, 'Kecimen': -4.19335532792042}"
Besni,Besni,"{'Besni': -3.8869761254134687, 'Kecimen': -9.042803901248455}"
Besni,Besni,"{'Besni': -5.334034676576272, 'Kecimen': -10.860435390186904}"
Besni,Besni,"{'Besni': -0.8007064029784, 'Kecimen': -3.4219926109205225}"
Besni,Besni,"{'Besni': -1.3602736002888305, 'Kecimen': -3.830918024670143}"
Besni,Besni,"{'Besni': -1.6718171642112747, 'Kecimen': -1.8284381424110243}"
Besni,Besni,"{'Besni': -0.6305347011581461, 'Kecimen': -3.8239464519433124}"
Besni,Kecimen,"{'Besni': -3.599171283157782, 'Kecimen': -1.1818984770351504}"
Besni,Besni,"{'Besni': -2.2150756501385187, 'Kecimen': -5.52677614373798}"
Besni,Besni,"{'Besni': -5.838677576779963, 'Kecimen': -9.33888848423102}"
Besni,Besni,"{'Besni': -3.023522692562772, 'Kecimen': -7.18854846815622}"
Besni,Kecimen,"{'Besni': -2.016514086292235, 'Kecimen': -0.950895794931554}"
Besni,Besni,"{'Besni': -3.771610208944054, 'Kecimen': -8.704658304296709}"
Besni,Besni,"{'Besni': -9.561084639750085, 'Kecimen': -13.955089258699408}"
Besni,Kecimen,"{'Besni': -2.861955196485682, 'Kecimen': -1.571130202386302}"
Besni,Besni,"{'Besni': -1.4133803527431723, 'Kecimen': -2.1724883527174943}"
Besni,Besni,"{'Besni': -2.632382885314418, 'Kecimen': -3.17261457559292}"
Besni,Kecimen,"{'Besni': -4.871462786114218, 'Kecimen': -4.770429324279007}"
Besni,Besni,"{'Besni': -4.402315009329472, 'Kecimen': -9.655258400482087}"
Besni,Kecimen,"{'Besni': -5.501454387327305, 'Kecimen': -2.7551877721704927}"
Besni,Besni,"{'Besni': -0.8785655227025617, 'Kecimen': -1.972290086022523}"
Besni,Besni,"{'Besni': -2.48029220607817, 'Kecimen': -3.627204468953926}"
Besni,Besni,"{'Besni': -7.1952092089286985, 'Kecimen': -10.379648706369867}"
Besni,Besni,"{'Besni': -7.855720018938452, 'Kecimen': -10.342634715857054}"
Besni,Kecimen,"{'Besni': -4.03830566683094, 'Kecimen': -1.681545484406241}"
Besni,Besni,"{'Besni': -66.841565725663, 'Kecimen': -71.370137142029}"
Besni,Besni,"{'Besni': -2.1206179903940163, 'Kecimen': -3.4250747894748983}"
Besni,Besni,"{'Besni': -1.1454904722699644, 'Kecimen': -1.6202700104565213}"
Besni,Kecimen,"{'Besni': -3.0059437672964338, 'Kecimen': -2.4022761598832925}"
Besni,Besni,"{'Besni': -1.2152288619435625, 'Kecimen': -1.849401722404299}"
Besni,Besni,"{'Besni': -2.528216363753282, 'Kecimen': -7.340766043187344}"
Besni,Besni,"{'Besni': -2.971025360592623, 'Kecimen': -5.197761589969124}"
Besni,Besni,"{'Besni': -2.852284248279741, 'Kecimen': -5.684999577838952}"
Besni,Besni,"{'Besni': -2.7564160322816176, 'Kecimen': -7.462106897493088}"
Besni,Besni,"{'Besni': -1.5367111071938941, 'Kecimen': -5.876710905976553}"
Besni,Besni,"{'Besni': -3.5956136777032057, 'Kecimen': -8.11462822904672}"
Besni,Besni,"{'Besni': -0.8451832013297427, 'Kecimen': -1.6825717113134964}"
Besni,Kecimen,"{'Besni': -2.6280952006989162, 'Kecimen': -1.266736942452621}"
Besni,Besni,"{'Besni': -1.897551670423932, 'Kecimen': -3.917300901546243}"
Besni,Besni,"{'Besni': -15.029544565424082, 'Kecimen': -20.466775622695238}"
Besni,Besni,"{'Besni': -0.4890953962138863, 'Kecimen': -2.6770688874567075}"
Besni,Kecimen,"{'Besni': -2.644957915503764, 'Kecimen': -2.266337323772405}"
Besni,Besni,"{'Besni': -10.41623991697731, 'Kecimen': -14.1770047938134}"
Besni,Besni,"{'Besni': -2.164650688606814, 'Kecimen': -4.0448219683572395}"
Besni,Besni,"{'Besni': -0.7172080644943103, 'Kecimen': -2.7928768887365676}"
Besni,Besni,"{'Besni': -2.800496854329798, 'Kecimen': -5.128720228423225}"
Besni,Besni,"{'Besni': -2.5960938565525424, 'Kecimen': -3.571550143709413}"
Besni,Besni,"{'Besni': -5.389849245394867, 'Kecimen': -9.898929899385745}"
Besni,Kecimen,"{'Besni': -3.2839936607979823, 'Kecimen': -0.8974360687590486}"
Besni,Besni,"{'Besni': -1.611976657197559, 'Kecimen': -1.9963399583126709}"
Besni,Besni,"{'Besni': -0.333043369736609, 'Kecimen': -3.2391526720683235}"
Besni,Kecimen,"{'Besni': -1.6983040050325455, 'Kecimen': -0.3716463615906503}"
Besni,Besni,"{'Besni': -0.7524377156069036, 'Kecimen': -2.2943422406319782}"
Besni,Besni,"{'Besni': -21.343602977307157, 'Kecimen': -26.41707879751945}"
Besni,Besni,"{'Besni': -1.4093475081240776, 'Kecimen': -2.1657186533826134}"
Besni,Besni,"{'Besni': -0.7837320187208148, 'Kecimen': -1.6712040915248303}"
Besni,Besni,"{'Besni': -0.7757834596469491, 'Kecimen': -1.2274422358571153}"
Besni,Besni,"{'Besni': -0.7676543584173421, 'Kecimen': -1.896350323077986}"
Besni,Besni,"{'Besni': -0.9045841787554434, 'Kecimen': -4.11775431499319}"
Besni,Kecimen,"{'Besni': -3.3331291391823292, 'Kecimen': -0.7920627654019541}"
Besni,Besni,"{'Besni': -1.5188577864070405, 'Kecimen': -1.8585195515095019}"
Besni,Besni,"{'Besni': -2.10929419400478, 'Kecimen': -3.1128197049138526}"
Besni,Kecimen,"{'Besni': -1.867228403515186, 'Kecimen': -1.5807961394023697}"
Besni,Besni,"{'Besni': -2.812183093264267, 'Kecimen': -5.924945344308531}"
Besni,Besni,"{'Besni': -1.0220267276301938, 'Kecimen': -2.655102010305658}"
Besni,Besni,"{'Besni': -2.1164281049209297, 'Kecimen': -2.9093090949283047}"
Besni,Besni,"{'Besni': -4.003061453671512, 'Kecimen': -5.666018704840516}"
Besni,Besni,"{'Besni': -2.625803176469886, 'Kecimen': -5.89702389390677}"
Besni,Kecimen,"{'Besni': -4.043533894241794, 'Kecimen': -0.9472118756088443}"
Besni,Besni,"{'Besni': -2.4252835885175075, 'Kecimen': -6.736797465682427}"
Besni,Besni,"{'Besni': -0.8063438162607857, 'Kecimen': -1.714191859513984}"
Besni,Besni,"{'Besni': -4.261769076211016, 'Kecimen': -8.589057987344127}"
Besni,Besni,"{'Besni': -10.780551438556474, 'Kecimen': -15.804223861530062}"
Besni,Besni,"{'Besni': -1.7168271006688833, 'Kecimen': -4.118099764114307}"
Besni,Besni,"{'Besni': -3.015936120012846, 'Kecimen': -5.85638708401725}"
Besni,Kecimen,"{'Besni': -3.3573742866150127, 'Kecimen': -1.1964173845654527}"
Besni,Besni,"{'Besni': -2.078276456037851, 'Kecimen': -2.9892348441475165}"
Besni,Besni,"{'Besni': -5.616653206744083, 'Kecimen': -11.065211995961228}"
Besni,Besni,"{'Besni': -6.842926504893622, 'Kecimen': -12.080815926341788}"
Besni,Besni,"{'Besni': -8.974437565879569, 'Kecimen': -11.137895107564326}"
Besni,Besni,"{'Besni': -0.36728361563211953, 'Kecimen': -2.1641323242835533}"
Besni,Besni,"{'Besni': -0.8087076880598542, 'Kecimen': -2.287814830328687}"
Besni,Besni,"{'Besni': -5.556013282826199, 'Kecimen': -9.91735345612271}"
Besni,Kecimen,"{'Besni': -4.321057640048811, 'Kecimen': -2.3037614976265997}"
Besni,Besni,"{'Besni': -1.113808570736989, 'Kecimen': -1.6095994890880467}"
Besni,Besni,"{'Besni': -5.870548801712168, 'Kecimen': -10.87509309826499}"
Besni,Besni,"{'Besni': -4.113640101611697, 'Kecimen': -9.511614147306387}"
Besni,Besni,"{'Besni': -2.7494560203624365, 'Kecimen': -6.02509972718199}"
Besni,Besni,"{'Besni': -0.5372909596398903, 'Kecimen': -2.8678910510954188}"
Besni,Besni,"{'Besni': -4.572173193018556, 'Kecimen': -5.908460613410873}"
Besni,Besni,"{'Besni': -1.5988392863288614, 'Kecimen': -3.940478076771153}"
Besni,Besni,"{'Besni': -1.5695049355431, 'Kecimen': -4.151262884288647}"
Besni,Besni,"{'Besni': -3.2905471742466297, 'Kecimen': -3.5785441313331763}"
Besni,Besni,"{'Besni': -3.2268222362687524, 'Kecimen': -5.108521516435}"
Besni,Besni,"{'Besni': -1.4976377366190956, 'Kecimen': -3.4469799179961216}"
Besni,Kecimen,"{'Besni': -2.513721985799469, 'Kecimen': -2.224314049788881}"
Besni,Besni,"{'Besni': -2.0808818017629243, 'Kecimen': -5.383674701458237}"
Besni,Besni,"{'Besni': -0.8439855081505923, 'Kecimen': -1.668636357530775}"
Besni,Besni,"{'Besni': -5.797769541306651, 'Kecimen': -10.086448618377082}"
Besni,Besni,"{'Besni': -9.051749009516348, 'Kecimen': -14.959778099441895}"
Besni,Besni,"{'Besni': -11.62005600609924, 'Kecimen': -14.142247000931192}"
Besni,Besni,"{'Besni': -1.7485033348755337, 'Kecimen': -4.356973791292756}"
Besni,Besni,"{'Besni': -4.940116701461186, 'Kecimen': -8.181245966973906}"
Besni,Besni,"{'Besni': -2.9752492394154313, 'Kecimen': -4.19142661846403}"
Besni,Besni,"{'Besni': -2.3062385717203946, 'Kecimen': -3.6516256325447967}"
Besni,Besni,"{'Besni': -3.0406516350103967, 'Kecimen': -5.3092609380974265}"
Besni,Besni,"{'Besni': -1.8523223680128513, 'Kecimen': -2.2596026605515735}"
Besni,Besni,"{'Besni': -3.632058027073383, 'Kecimen': -8.162505380109536}"
Besni,Besni,"{'Besni': -7.829323184912221, 'Kecimen': -11.003750405615516}"
Besni,Besni,"{'Besni': -1.1802775356894903, 'Kecimen': -5.097011283367017}"
Besni,Besni,"{'Besni': -2.0994417390837143, 'Kecimen': -3.8908359260956837}"
Besni,Besni,"{'Besni': -1.6183687836514828, 'Kecimen': -1.6514793971795143}"
Besni,Besni,"{'Besni': -2.8987706228836934, 'Kecimen': -7.016505203337527}"
Besni,Kecimen,"{'Besni': -5.063834280999734, 'Kecimen': -3.1548222570767974}"
Besni,Besni,"{'Besni': -2.083695564694591, 'Kecimen': -4.570433971114982}"
Besni,Besni,"{'Besni': -1.5143726330562681, 'Kecimen': -2.302502255928037}"
Besni,Kecimen,"{'Besni': -2.002772241977127, 'Kecimen': -0.34325506474246625}"
Besni,Besni,"{'Besni': -2.2076167142221577, 'Kecimen': -4.6366178639398665}"
Besni,Besni,"{'Besni': -1.2096778966555735, 'Kecimen': -4.291811675255467}"
Besni,Besni,"{'Besni': -0.8600291263666167, 'Kecimen': -3.1309158532484034}"
Besni,Besni,"{'Besni': -1.3241789218760336, 'Kecimen': -1.6230752596428093}"
Besni,Besni,"{'Besni': -2.0374109661800253, 'Kecimen': -2.98242440069628}"
Besni,Besni,"{'Besni': -10.072743391581717, 'Kecimen': -16.000028987538116}"
Besni,Besni,"{'Besni': -1.308229184831698, 'Kecimen': -2.3003873914151285}"
Besni,Besni,"{'Besni': -1.9598913771054352, 'Kecimen': -2.8594951534607267}"
Besni,Besni,"{'Besni': -0.6281399166249818, 'Kecimen': -2.7465548010364973}"
Besni,Besni,"{'Besni': -3.7064051443655543, 'Kecimen': -5.731993811355025}"
Besni,Besni,"{'Besni': -1.5758893718054412, 'Kecimen': -1.8331963809483676}"
Besni,Besni,"{'Besni': -1.908958710902328, 'Kecimen': -3.339400198732255}"
Besni,Kecimen,"{'Besni': -1.9470683714903716, 'Kecimen': -0.3686965169258725}"
Besni,Besni,"{'Besni': -1.5877603019865647, 'Kecimen': -1.9521117760522773}"
Besni,Besni,"{'Besni': -1.9057638637610217, 'Kecimen': -5.725406433692214}"
Besni,Besni,"{'Besni': -3.688594787603881, 'Kecimen': -6.639506659369156}"
Besni,Besni,"{'Besni': -9.58726538526901, 'Kecimen': -11.618762803855017}"
Besni,Besni,"{'Besni': -4.270289083017682, 'Kecimen': -8.46405828573954}"
Besni,Besni,"{'Besni': -15.437573775160097, 'Kecimen': -19.75206146977761}"
Besni,Kecimen,"{'Besni': -2.64721752625126, 'Kecimen': -2.3141162498626056}"
Besni,Besni,"{'Besni': -1.5965057585837896, 'Kecimen': -5.574043220448261}"
Besni,Kecimen,"{'Besni': -2.6672086195453755, 'Kecimen': -1.8637111643027402}"
Besni,Besni,"{'Besni': -0.7845402719121815, 'Kecimen': -2.333247045478272}"
Besni,Besni,"{'Besni': -2.424469936367491, 'Kecimen': -4.814435066974802}"
Besni,Besni,"{'Besni': -1.1671803841465074, 'Kecimen': -4.219809696776828}"
Besni,Besni,"{'Besni': -1.8860950453303285, 'Kecimen': -3.050715045851352}"
Besni,Besni,"{'Besni': -20.963469354388977, 'Kecimen': -26.97286649688174}"
Besni,Besni,"{'Besni': -20.308049978492974, 'Kecimen': -29.066802897748815}"
Besni,Besni,"{'Besni': -2.1497098049110237, 'Kecimen': -4.551225362011264}"
Besni,Besni,"{'Besni': -0.22958761262286073, 'Kecimen': -2.8592976965134915}"
Besni,Kecimen,"{'Besni': -1.7594470354051128, 'Kecimen': -0.26024863457931724}"
Besni,Kecimen,"{'Besni': -2.364823917770263, 'Kecimen': -1.6660320172663732}"
Besni,Besni,"{'Besni': -1.5523321520043134, 'Kecimen': -2.814469413956512}"
Besni,Besni,"{'Besni': -1.409649179346154, 'Kecimen': -2.387670561965423}"
Besni,Besni,"{'Besni': -3.330297301186886, 'Kecimen': -6.467320705272325}"
Besni,Besni,"{'Besni': -0.7563516569616078, 'Kecimen': -3.3778001686055026}"
Besni,Kecimen,"{'Besni': -5.46291666365963, 'Kecimen': -3.813499745822609}"
Besni,Besni,"{'Besni': -1.0529964669254932, 'Kecimen': -2.7286888587577245}"
Besni,Besni,"{'Besni': -1.2773742954686087, 'Kecimen': -2.9008115712684384}"
Besni,Kecimen,"{'Besni': -2.579341628689094, 'Kecimen': -0.17742925224138517}"
Besni,Kecimen,"{'Besni': -5.3769373963094935, 'Kecimen': -2.3356775856915597}"
Besni,Kecimen,"{'Besni': -5.472580955956065, 'Kecimen': -4.7644478711552924}"
Besni,Kecimen,"{'Besni': -4.390917082737739, 'Kecimen': -3.802585515442667}"
Besni,Besni,"{'Besni': -14.23965267119261, 'Kecimen': -19.28841627445521}"
Besni,Besni,"{'Besni': -0.8378102924596298, 'Kecimen': -3.825858008688588}"
Besni,Kecimen,"{'Besni': -9.474349687683453, 'Kecimen': -5.099428314057219}"
Besni,Besni,"{'Besni': -2.4404187506191946, 'Kecimen': -3.3526343895392543}"
Besni,Besni,"{'Besni': -3.858388816780856, 'Kecimen': -4.156313676547191}"
Besni,Besni,"{'Besni': -1.4368885724298348, 'Kecimen': -5.550062514394098}"
Besni,Besni,"{'Besni': -3.188902870239329, 'Kecimen': -3.8588305713070286}"
Besni,Besni,"{'Besni': -67.25872632698476, 'Kecimen': -72.3310449466797}"
Besni,Besni,"{'Besni': -1.3146740014122715, 'Kecimen': -5.166134477870913}"
Besni,Kecimen,"{'Besni': -2.4375600701849147, 'Kecimen': -2.020231851542065}"
Besni,Kecimen,"{'Besni': -2.677032265127891, 'Kecimen': -1.3387072839336902}"
Besni,Kecimen,"{'Besni': -4.787594795416075, 'Kecimen': -0.9985581369304517}"
Besni,Besni,"{'Besni': -1.6158709068544581, 'Kecimen': -2.1643936724295743}"
Besni,Besni,"{'Besni': -1.5343601200369195, 'Kecimen': -3.8570295627729045}"
Besni,Besni,"{'Besni': -0.7316089570491855, 'Kecimen': -1.676894007920381}"
Besni,Besni,"{'Besni': -3.4044768979737796, 'Kecimen': -4.150240088872124}"
Besni,Besni,"{'Besni': -1.1702917650107505, 'Kecimen': -5.362760450715557}"
Besni,Kecimen,"{'Besni': -1.454434409251595, 'Kecimen': -0.7851443917289798}"
Besni,Besni,"{'Besni': -2.957279667607219, 'Kecimen': -7.163441522435402}"
Besni,Kecimen,"{'Besni': -3.3460976465185652, 'Kecimen': -2.917551056467948}"
Besni,Besni,"{'Besni': -3.2318677518479397, 'Kecimen': -3.692203891006555}"
Besni,Besni,"{'Besni': -1.8316614530034183, 'Kecimen': -5.280950297036586}"
Besni,Kecimen,"{'Besni': -1.1610698238394366, 'Kecimen': -0.7856585816138961}"
Besni,Kecimen,"{'Besni': -3.465383916594293, 'Kecimen': -3.135608548192705}"
Besni,Besni,"{'Besni': -1.389339366189092, 'Kecimen': -4.574935237101077}"
Besni,Besni,"{'Besni': -1.4612325015796999, 'Kecimen': -2.8323365284720774}"
Besni,Besni,"{'Besni': -13.356986515341447, 'Kecimen': -20.37768560608494}"
Besni,Besni,"{'Besni': -5.221713759362128, 'Kecimen': -7.59652229581263}"
Besni,Besni,"{'Besni': -5.26590085016322, 'Kecimen': -6.166828726971406}"
Besni,Besni,"{'Besni': -2.917615786526799, 'Kecimen': -3.066793981557116}"
Besni,Besni,"{'Besni': -0.8511929820492974, 'Kecimen': -3.9794634174107424}"
Besni,Besni,"{'Besni': -3.301893053885644, 'Kecimen': -6.796711372778189}"
Besni,Kecimen,"{'Besni': -6.538837686396851, 'Kecimen': -2.6025062485041537}"
Besni,Besni,"{'Besni': -2.431623611111095, 'Kecimen': -3.4197182869372096}"
Besni,Besni,"{'Besni': -2.270236046766434, 'Kecimen': -3.0700930658147385}"
Besni,Besni,"{'Besni': -1.1897376188395667, 'Kecimen': -4.404498283317996}"
Besni,Besni,"{'Besni': -2.5016093070077874, 'Kecimen': -5.485939610135648}"
Besni,Besni,"{'Besni': -16.611242812611756, 'Kecimen': -21.09984177868251}"
Besni,Kecimen,"{'Besni': -2.5060177959468692, 'Kecimen': -2.406465593945623}"
Besni,Besni,"{'Besni': -2.0185091064772367, 'Kecimen': -5.773693929957852}"
Besni,Besni,"{'Besni': -1.2711679912389966, 'Kecimen': -2.7870887180931567}"
Besni,Besni,"{'Besni': -7.23911823741199, 'Kecimen': -12.049242598078589}"
Besni,Besni,"{'Besni': -1.1093768061193674, 'Kecimen': -2.910838339387663}"
Besni,Kecimen,"{'Besni': -2.2393177719156925, 'Kecimen': -0.5191907524109098}"
Besni,Besni,"{'Besni': -0.712239137327132, 'Kecimen': -1.9261534279436283}"
Besni,Besni,"{'Besni': -2.703361826807884, 'Kecimen': -3.7121582018544776}"
Besni,Besni,"{'Besni': -3.3583633566652376, 'Kecimen': -5.261544960579455}"
Besni,Besni,"{'Besni': -1.2190725971212903, 'Kecimen': -5.284039870932332}"
Besni,Besni,"{'Besni': -0.9309790578574594, 'Kecimen': -3.539600612701932}"
Besni,Besni,"{'Besni': -2.0785022372444835, 'Kecimen': -5.961854977092245}"
Besni,Besni,"{'Besni': -2.1532892472480674, 'Kecimen': -4.52043104227598}"
Besni,Besni,"{'Besni': -50.37023643001474, 'Kecimen': -56.37099280602223}"
Besni,Besni,"{'Besni': -2.3886840890728416, 'Kecimen': -6.686062353373519}"
Besni,Besni,"{'Besni': -0.4788928863225083, 'Kecimen': -2.570535170992125}"
Besni,Besni,"{'Besni': -4.107905922544749, 'Kecimen': -7.449727079765717}"
Besni,Besni,"{'Besni': -0.7873917244627138, 'Kecimen': -2.801350106585663}"
Besni,Kecimen,"{'Besni': -4.002618274096413, 'Kecimen': -1.7158427844829895}"
Besni,Besni,"{'Besni': -2.1487496416678855, 'Kecimen': -4.720773017949069}"
Besni,Besni,"{'Besni': -0.9372259562474567, 'Kecimen': -3.171365175026483}"
Besni,Kecimen,"{'Besni': -2.1039302074975774, 'Kecimen': -0.6562431324876326}"
Besni,Besni,"{'Besni': -4.422062093020205, 'Kecimen': -5.627069707574025}"
Besni,Besni,"{'Besni': -1.405965159691285, 'Kecimen': -1.9869579644045756}"
Besni,Besni,"{'Besni': -2.7402591778540435, 'Kecimen': -3.2609543736614963}"
Besni,Besni,"{'Besni': -4.36293977013047, 'Kecimen': -9.106651837720696}"
Besni,Besni,"{'Besni': -6.205803929387185, 'Kecimen': -10.559110876525779}"
Besni,Besni,"{'Besni': -1.7702895370953307, 'Kecimen': -4.981639637607552}"
Besni,Kecimen,"{'Besni': -1.8718402811474535, 'Kecimen': -1.7300295052284915}"
Besni,Besni,"{'Besni': -1.5185517291074175, 'Kecimen': -3.0699823212772768}"
Besni,Besni,"{'Besni': -3.934779019979973, 'Kecimen': -5.06498093881226}"
Besni,Besni,"{'Besni': -0.4689311651203404, 'Kecimen': -2.29522427226097}"
Besni,Besni,"{'Besni': -3.536991740054859, 'Kecimen': -6.602571516913139}"
